aalborg;Denmark
aarhus;Denmark
aberdeen;England
aberdeen_wa;Washington
akranes;Iceland
akureyri;Iceland
alajarvi;Iceland
alakurtti;Russia
alamogordo;New Mexico
alban;France
albuquerque;New Mexico
amsterdam;Netherlands
ancona;Italy
andorra;Andora
angers;France
antwerp;Belgium
arad;Hungary
are;Sweden
arhus;Denmark
arnhem;Netherlands
artesia;New Mexico
arxangelsk;Russia
astoria;Oregon
augustow;Poland
aurach;Germany
babruysk;Belarus
bacau;Romania
bado;Russia
baiamare;Romania
bakersfield;California
balti;Moldovia
balvi;Romania
baranovichi;Belarus
barcelona;Spain
bari;Italy
barstow;California
basel;Austria
bayonne;France
bbiala;Poland
belfast;England
bellingham;Washington
bend;Oregon
bergen;Norway
berlin;Germany
bern;Switzerland
bialystok;Poland
biatorbagy;Hungary
bicske;Hungary
bilbao;Spain
birmingham;England
birsay;England
blonduos;Iceland
bobolice;Poland
bodajk;Hungary
bologna;Italy
bolungarvik;Iceland
bonn;Germany
bordeaux;France
borgarnes;Iceland
borisoglebsk;Russia
bourges;France
bratislava;Slovakia
brect;Belarus
bremen;Germany
bremerhaven;Germany
brest;France
brno;Czech
broadford;England
brussel;Belgium
bryansk;Russia
bucuresti;Romania
budapest;Hungary
burg;Germany
burns;Oregon
busko;Poland
bydgoszcz;Poland
bystrica;Slovakia
caen;France
cagliari;Italy
cairnryan;England
calais;France
cambridge;England
camp_verde;Arizona
canfranc;Spain
canterbury;England
cardiff;England
carlisle;England
carlsbad;California
carlsbad_nm;New Mexico
carson_city;Nevada
cassino;Italy
catania;Italy
catanzaro;Italy
cegled;Hungary
chelmsford;England
chernyakh;Russia
chisinau;Russia
cieszyn;Poland
civaux;France
clermont;France
clifton;Arizona
clovis;New Mexico
cluj;Romania
colville;Washington
constanta;Romania
coos_bay;Oregon
craiova;Romania
croydon;England
czluchow;Poland
daugavpils;Latvia
debrecen;Hungary
dijon;France
dombas;Norway
donostia;Spain
dortmund;Germany
douglas;England
dover;England
drammen;Italy
dresden;Germany
dublin;Ireland
duisburg;Germany
dumfries;England
dusseldorf;Germany
dziwnowek;Poland
edinburgh;England
ehrenberg;Arizona
eindhoven;Netherlands
el_centro;California
elblag;Poland
elko;Nevada
ely;Nevada
engels;Russia
erfurt;Germany
esbjerg;Denmark
esbjerg;Denmark
eugene;Oregon
eureka;California
europabr;Russia
everett;Washington
evie;Russia
farmington;New Mexico
felixstowe;England
firenze;Italy
fishguard;England
fjardabyggd;Iceland
flagstaff;Arizona
flensburg;Germany
folkestone;England
forst;Germany
frankfurt;Germany
fraserburgh;England
frederikshv;Germany
fresno;California
ftwilliam;England
furth;Germany
g_canyon_vlg;Arizona
gallup;New Mexico
galway;Ireland
gardermoen;Norway
gavle;Russia
gdansk;Poland
gdynia;Poland
gedser;Denmark
geilo;Norway
geisel;Germany
geneve;Switzerland
genova;Russia
gizycko;Poland
glasgow;England
golfech;France
gomel;Belarus
gorzow;Poland
goteborg;Sweden
grand_coulee;Washington
graz;Austria
grimsby;England
groedig;Austria
groningen;Netherlands
grudziadz;Poland
gulbene;Latvia
gyor;Hungary
haapsalu;Finland
hainburg;Austria
halle;Russia
hamar;Norway
hamburg;Germany
hameenlinna;Finland
hannover;Germany
haparanda;Sweden
havre;France
heilbronn;Germany
helsingborg;Sweden
helsinki;Finland
herning;Denmark
hiorthhamn;Norway
hirtshals;Denmark
hobbs;New Mexico
hofn;Iceland
holbrook;Arizona
holmavik;Iceland
holstebro;Denmark
holyhead;England
honefoss;Norway
honningsvag;Norway
hornbrook;California
huesca;Spain
hull;England
huron;California
ilawa;Poland
ilowa;Poland
ilza;Poland
innsbruck;Austria
inverness;England
irun;Spain
isafjordur;Iceland
ivalo;Finland
jackpot;Nevada
janow;Poland
jaworznia;Poland
jekabpils;Latvia
joensuu;Finland
jonkoping;Sweden
jonquera;Spain
jyvaskyla;Finland
kaliningrad;Russia
kalmar;Sweden
kaluga;Russia
kandalaksha;Russia
kapellskar;Sweden
kardla;Estonia
karlskrona;Sweden
karlstad;Sweden
karsamaki;Finland
kassel;Germany
katowice;Poland
kaunas;Lithuania
kayenta;Arizona
keflavik;Iceland
kemi;Russia
kemijarvi;Finland
kennewick;Washington
kholm;Russia
kiel;Germany
kielce;Poland
kingman;Arizona
kirkenes;Norway
kirkwall;England
kirov;Russia
klagenfurt;Austria
klaipeda;Lithuania
klaksvik;Faroe Island
klamath_f;Oregon
klin;Russia
kobenhavn;Denmark
koblenz;Germany
kokkola;Finland
kolding;Denmark
kolka;Latvia
koln;Germany
kolomna;Russia
kosice;Slovakia
koszalin;Poland
kotala;Finland
kotka;Finland
kotlas;Russia
kouvola;Finland
kovrov;Russia
krafla;Iceland
krakow;Poland
krasnbog;Russia
krasnoslob;Russia
kristiansand;Norway
kristianstad;Sweden
kristiinank;Finland
krosno;Poland
kunda;Estonia
kuopio;Finland
kuressaare;Estonia
kursk;Russia
labatlan;Hungary
lahti;Finland
lakeview;Oregon
larne;England
larochelle;France
las_cruces;New Mexico
las_vegas;Nevada
laurent;France
leba;Poland
lebork;Poland
legnica;Poland
lehavre;France
leipzig;Germany
lellinge;France
lemans;France
liege;Belgium
liepaja;France
lille;France
lillehammer;Norway
limerick;Ireland
limoges;France
linkoping;Sweden
linz;Austria
lisburn;England
liverpool;England
livorno;Italy
ljubljana;Slovenia
lleida;Spain
lodz;Poland
lomza;Poland
london;England
londonderry;England
longview;Washington
longyearbyen;Norway
lorient;France
los_angeles;California
louhi;Finland
lovasbereny;Hungary
loviisa;Finland
lubim;Bulgaria
lublin;Poland
luga;Russia
luki;Russia
luxembourg;Luxembourg
lyon;France
magdeburg;Germany
mainz;Germany
malmo;Sweden
manchester;England
mannheim;Germany
manresa;Spain
mans;France
maribor;Slovenia
mariehamn;AlandIsland
marseille;France
mazeikiai;Lithuania
medford;Oregon
messina;Italy
metz;France
miedzyzdroje;Poland
mikkeli;Finland
mikolajki;Poland
milano;Italy
minsk;Belarus
mirni;Russia
modena;Italy
mogilev;Belarus
monor;Hungary
montpellier;France
moroz;Russia
moscow;Russia
moskushamn;Russia
mozir;Belarus
mstislavl;Belarus
mukacheve;Ukraine
munchen;Germany
muravlenko;Russia
murmansk;Russia
naantali;Finland
nahodka;Russia
nantes;France
napapiiri;Finland
napoli;Italy
narbonne;France
narva;Estonia
nevel;Russia
newcastle;England
newport;Oregon
nice;France
nikel;Russia
nogales;Arizona
novgorod;Russia
novisad;Serbia
novomesto;Russia
novomoskovsk;Russia
nowaj_ladoga;Russia
nowajgorod;Russia
nowogard;Poland
nurnberg;Germany
nynashamn;Sweden
nyujfalu;Romania
oakdale;California
oakland;California
oban;England
oberhausen;Germany
obninsk;Russia
obsteig;Austria
ocsa;Hungary
odda;Norway
odense;Denmark
ogre;Estonia
olbia;Italy
olkiluoto;Finland
olsztyn;Poland
olszyna;Poland
olympia;Washington
omak;Washington
ontario;Oregon
opatow;Poland
opole;Poland
oppdal;Norway
oradea;Romania
orebro;Sweden
orel;Russia
orkanger;Norway
orkeny;Hungary
orleans;France
ornskoldsvik;Russia
orsha;Belarus
osijek;Croatia
oslo;Norway
osnabruck;Germany
ostashkov;Russia
ostersund;Sweden
ostrava;Czech
ostroda;Poland
ostroleka;Poland
ostrowm;Poland
otta;Norway
oulu;Finland
oxnard;California
padborg;Denmark
page;Arizona
paldiski;Estonia
palermo;Italy
paluel;France
panevezys;Lithuania
paris;France
parma;Italy
parnu;Estonia
pau;France
pecs;Hungary
pendleton;Oregon
perpignan;France
perth;England
pescara;Italy
pestovo;Russia
peterburg;Russia
petersburg;Russia
phoenix;Arizona
piatra;Romania
pila;Poland
pilis;Hungary
pinsk;Belarus
pioche;Nevada
pleseck;Russia
plock;Poland
plymouth;England
poitiers;France
polgardi;Hungary
pori;Finland
porkhov;Russia
port_angeles;Washington
portland;Oregon
portree;England
portsmouth;England
porvoo;Finland
poznan;Poland
prague;Czech
primm;Nevada
przemysl;Poland
pskov;Russia
radom;Poland
rakvere;Estonia
ramsey;England
raton;New Mexico
reda;Poland
redding;California
reims;France
renne;France
rennes;France
reno;Nevada
reutte;Austria
reydar;Russia
reykjavik;Iceland
rezekne;Latvia
rgev;Russia
riga;Latvia
rijeka;Croatia
roadworks_a7;Poland
roadworks_a9;Poland
roma;Italy
ronne;Denmark
roscoff;France
roslavl;Russia
rostock;Germany
roswell;New Mexico
rotterdam;Netherlands
rouen;France
rovaniemi;Finland
rumia;Poland
ruse;Bulgaria
rusinowo;Poland
rzeszow;Poland
saare;Estonia
sacramento;California
saldus;Latvia
salehard;Russia
salem;Oregon
salzburg;Austria
san_diego;California
san_francisc;California
san_rafael;California
san_simon;Arizona
sangerhausen;Germany
sangiovanni;Italy
sanok;Poland
santa_cruz;California
santa_fe;New Mexico
santa_maria;California
saratov;Russia
sarbogard;Hungary
sassari;Italy
seattle;Washington
selfoss;Iceland
seydis;Russia
sheffield;England
shlisselburg;Russia
show_low;Arizona
siauliai;Lithuania
sibiu;Romania
siedlce;Poland
sierra_vista;Arizona
slbrod;Croatia
sligo;Ireland
sluck;Belarus
smolensk;Russia
socorro;New Mexico
sodankyla;Finland
soderhamn;Sweden
sodertalje;Sweden
solt;Hungary
sopot;Poland
sosnovy_bor;Russia
southampton;England
spokane;Washington
stargard;Poland
stavanger;Norway
sthelier;Russia
stockholm;Sweden
stockton;California
stranraer;England
strasbourg;France
strzelcekraj;Poland
stuttgart;Germany
subotica;Serbia
sundsvall;Sweden
surgut;Russia
suwalki;Poland
suzzara;Italy
swansea;England
swinoujscie;Poland
szczecin;Poland
szczecinek;Poland
szeged;Hungary
tacoma;Washington
tallinn;Estonia
tambov;Russia
tampere;Finland
tanabru;Norway
taranto;Italy
tartu;Finland
tata;Hungary
taurage;Lithuania
terendk18;Poland
terni;Italy
the_dalles;Oregon
thurso;England
timisoara;Romania
tobolsk;Russia
tonopah;Nevada
torino;Italy
tornio;Finland
torokbalint;Hungary
torshavn;Faroe Island
tosno;Russia
toulouse;France
tours;France
travemunde;Germany
trelleborg;Sweden
trieste;Italy
trinity;Russia
trondheim;Norway
truckee;California
truckstope45;Denmark
tucson;Arizona
tucumcari;New Mexico
tukums;Latvia
tula;Russia
turku;Finland
tver;Russia
udine;Italy
uelzen;Germany
ugorsk;Ukraine
ukiah;California
ullapool;England
ullo;Hungary
ulm;Germany
umea;Sweden
uppsala;Sweden
utena;Lithuania
utsjoki;Finland
uzhhorod;Ukraine
vaasa;Finland
vaduz;Lichtenstein
valday;Russia
valga;Estonia
valka;Latvia
valmiera;Latvia
vancouver;Washington
vantaa;Finland
varkaus;Finland
vasteraas;Sweden
vaxjo;Sweden
velence;Hungary
velig;Russia
venezia;Italy
ventspils;Latvia
verkhnetulom;Russia
verona;Italy
vestmann;Iceland
viborg;Denmark
vicenza;Italy
viitasaari;Finland
vik;Iceland
vilnius;Lithuania
visegrad;Hungary
vitebsk;Belarus
volgograd;Russia
volochyok;Russia
vologda;Russia
volokolamsk;Russia
volzhskiy;Russia
voronezh;Russia
vuktil;Russia
vyazma;Russia
vyborg;Russia
walcz;Poland
warszawa;Poland
wejherowo;Poland
wenatchee;Washington
wexford;Ireland
wick;England
wien;Austria
wiesbaden;Germany
winnemucca;Nevada
wroclaw;Poland
yakima;Washington
yukhnov;Russia
yuma;Arizona
zagreb;Croatia
zamosc;Poland
zelenogradsk;Russia
zgierz;Poland
zgorzelec;Poland
zrenjanin;Croatia
zurich;Switzerland
zwolle;Netherlands
lefkosia;
pafos;
thessaloniki;
ramallah;
ashkelon;
elarish;
herzliya;
portsaid;
beirut;
larnaka;
tyr;
tripolilb;
haifa;
lemesos;
eilat;
netanya;
rishon;
taba;
ashdod;
jerusalem;
eingedi;
aqaba;
byblos;
beersheva;
dimona;
telaviv;
jericho;
damietta;
akko;
zahle;
sayda;
kalix;
zadar;
montana;
nis;
beograd;
ioannina;
zaragoza;
skopje;
sibenik;
pamplona;
valencia;
vinaros;
ljugarn;
soria;
kittila;
ploce;
vidin;
kavala;
ptolemaida;
ohrid;
olomouc;
gusev;
pleven;
ystad;
porthmadog;
skelleftea;
zuta2;
trnava;
prilep;
kragujevac;
jaca;
senj;
moerdijk;
hawes;
alexandroup;
longyearbyem;
bitola;
aberystwyth;
vasaros;
hammerfest;
belda;
zuta;
elk;
mlada;
teruel;
stornoway;
split;
svalsateast;
visby;
ukmerge;
vranje;
mragowo;
svalsatwest;
leskovac;
sibenik2;
grumantbyen;
zacatecas;
fresnillo;
rioverde;
tamasopo;
ojuelos;
salinas;
matehuala;
tamazunchale;
sanluisp;
cedral;
charcas;
ahualulco;
elnaranjo;
rcatorce;
vreyes;
xilitla;
vzaragoza;
venegas;
maiz;
illescas;
villa_g;
moctezumaslp;
valles;
aquismon;
pinos;
durango;
guamuchil;
tlalte;
culiacan;
cuencame;
ixtlan_rio;
parral;
sanblas;
canatlan;
jalpa;
canelas;
conchaoro;
tamazula;
sombre;
gomez_p;
valpa;
santiagopap;
guanacevi;
compostela;
huejuq;
gpeical;
aguasca;
nvo_vallarta;
jerez;
calvillo;
stamaoro;
mazatlan;
tecuala;
lacruz;
acaponeta;
riogrande;
jimenez;
tepic;
el_salto;
mapimi;
huazamota;
villanueva;
vicentegro;
gpevictoria;
cosala;
colotlan;
jesusma;
mezquital;
chalchi;
punta_prie;
hermosillo;
puerto_pena;
caborca;
los_mochis;
agua_prieta;
tijuana;
guaymas;
yecora;
cabo_sanluc;
sonoyta;
santa_rosa;
san_felipe;
el_rosario;
ensenada;
moctezuma;
navojoa;
cd_obregon;
mexicali;
punta_abreo;
loreto;
guasave;
cananea;
la_paz;
h_nogales;
santa_ana;
puerto_sanc;
bahia_tortu;
guerrero_ne;
